business_name,category,phone,phone_raw,website,website_bucket,priority,rating,review_count,gbp_unclaimed,photo_count,hotel_stars,price_band,street,city,state,zip,neighborhood,full_address,gbp_url,place_id,search_term,pid,one,two,rc,neg_share,lat,lng
West Wing,Extended stay hotel,(813) 559-8000,18135598000.0,https://rapidhotels.com/WestWing,B_ota_only,85,4.2,1054.0,True,1000,3-star hotel,,2501 E Fowler Ave,Tampa,Florida,33612.0,University Square,"2501 E Fowler Ave, Tampa, FL 33612",https://www.google.com/maps/search/?api=1&query=West%20Wing&query_place_id=ChIJU3whOajHwogRCcUPSkExvP8,ChIJU3whOajHwogRCcUPSkExvP8,hotel,ChIJU3whOajHwogRCcUPSkExvP8,90.0,29.0,1054.0,0.1129032258064516,28.0538118,-82.4307713
Casa Loma Motel,Hotel,(813) 234-3871,18132343871.0,,A_no_website,82,3.6,133.0,True,17,Hotel,,6500 N Nebraska Ave,Tampa,Florida,33604.0,Old Seminole Heights,"6500 N Nebraska Ave, Tampa, FL 33604",https://www.google.com/maps/search/?api=1&query=Casa%20Loma%20Motel&query_place_id=ChIJAyxw8JjGwogR54BdEl0QeZQ,ChIJAyxw8JjGwogR54BdEl0QeZQ,hotel,ChIJAyxw8JjGwogR54BdEl0QeZQ,21.0,9.0,133.0,0.225563909774436,28.0068111,-82.4516806
Village Motel,Motel,(813) 626-6541,18136266541.0,,A_no_website,82,3.5,70.0,True,6,Motel,,4100 E Hillsborough Ave,Tampa,Florida,33610.0,Northeast Tampa,"4100 E Hillsborough Ave, Tampa, FL 33610",https://www.google.com/maps/search/?api=1&query=Village%20Motel&query_place_id=ChIJ2bgaYXXGwogR_K8nSHrztdg,ChIJ2bgaYXXGwogR_K8nSHrztdg,hotel,ChIJ2bgaYXXGwogR_K8nSHrztdg,12.0,5.0,70.0,0.2428571428571428,27.9963884,-82.4118309
Oaks Motel,Motel,(813) 229-1281,18132291281.0,,A_no_website,77,3.1,138.0,True,21,Motel,,3801 N Nebraska Ave,Tampa,Florida,33603.0,Ybor City,"3801 N Nebraska Ave, Tampa, FL 33603",https://www.google.com/maps/search/?api=1&query=Oaks%20Motel&query_place_id=ChIJIYY5-D7EwogReop0NpHboOM,ChIJIYY5-D7EwogReop0NpHboOM,hotel,ChIJIYY5-D7EwogReop0NpHboOM,36.0,16.0,138.0,0.3768115942028985,27.9788041,-82.4510023
El Rancho Motel,Hotel,(813) 232-6251,18132326251.0,,A_no_website,77,3.1,111.0,True,14,2-star hotel,,7100 N Nebraska Ave,Tampa,Florida,33604.0,Old Seminole Heights,"7100 N Nebraska Ave, Tampa, FL 33604",https://www.google.com/maps/search/?api=1&query=El%20Rancho%20Motel&query_place_id=ChIJCSglsZfGwogRDnCt8H2jF3Q,ChIJCSglsZfGwogRDnCt8H2jF3Q,hotel,ChIJCSglsZfGwogRDnCt8H2jF3Q,29.0,15.0,111.0,0.3963963963963964,28.0127799,-82.4516816
Harbor Lite Motel,Motel,(813) 876-6215,18138766215.0,,A_no_website,77,4.1,111.0,False,6,Motel,,3301 W Kennedy Blvd,Tampa,Florida,33609.0,Oakford Park,"3301 W Kennedy Blvd, Tampa, FL 33609",https://www.google.com/maps/search/?api=1&query=Harbor%20Lite%20Motel&query_place_id=ChIJz2h7MA3DwogRFbWp6t4TlBs,ChIJz2h7MA3DwogRFbWp6t4TlBs,hotel,ChIJz2h7MA3DwogRFbWp6t4TlBs,,,111.0,,27.945178,-82.497603
Mac's Motel,Motel,(813) 238-3285,18132383285.0,,A_no_website,77,2.9,67.0,True,6,Motel,,5605 N Nebraska Ave,Tampa,Florida,33604.0,Old Seminole Heights,"5605 N Nebraska Ave, Tampa, FL 33604",https://www.google.com/maps/search/?api=1&query=Mac's%20Motel&query_place_id=ChIJp35-fiDEwogRJQsJJVAjkUc,ChIJp35-fiDEwogRJQsJJVAjkUc,hotel,ChIJp35-fiDEwogRJQsJJVAjkUc,21.0,9.0,67.0,0.4477611940298507,27.998324,-82.4509744
Swan Motel,Hotel,(813) 238-5707,18132385707.0,,A_no_website,77,3.2,63.0,True,5,Hotel,,6407 N Nebraska Ave,Tampa,Florida,33604.0,Old Seminole Heights,"6407 N Nebraska Ave, Tampa, FL 33604",https://www.google.com/maps/search/?api=1&query=Swan%20Motel&query_place_id=ChIJVffc4ZjGwogRbD7Nxi2fYP0,ChIJVffc4ZjGwogRbD7Nxi2fYP0,hotel,ChIJVffc4ZjGwogRbD7Nxi2fYP0,15.0,8.0,63.0,0.365079365079365,28.0063269,-82.4511081
Alamo Motel,Motel,(813) 238-0090,18132380090.0,,A_no_website,77,2.6,59.0,True,13,Motel,,6110 N Nebraska Ave,Tampa,Florida,33604.0,Old Seminole Heights,"6110 N Nebraska Ave, Tampa, FL 33604",https://www.google.com/maps/search/?api=1&query=Alamo%20Motel&query_place_id=ChIJ-1ElPZ_GwogRIIra3PbXH7s,ChIJ-1ElPZ_GwogRIIra3PbXH7s,hotel,ChIJ-1ElPZ_GwogRIIra3PbXH7s,28.0,6.0,59.0,0.576271186440678,28.0031117,-82.4516786
Sunset Inn at Busch Gardens,Indoor lodging,(813) 931-3313,18139313313.0,,A_no_website,75,3.5,282.0,False,45,2-star hotel,,2106 E Busch Blvd,Tampa,Florida,33612.0,,"2106 E Busch Blvd, Tampa, FL 33612",https://www.google.com/maps/search/?api=1&query=Sunset%20Inn%20at%20Busch%20Gardens&query_place_id=ChIJv0mq2PnGwogRYhO6c71sSo0,ChIJv0mq2PnGwogRYhO6c71sSo0,hotel,ChIJv0mq2PnGwogRYhO6c71sSo0,,,282.0,,28.0331076,-82.4354466
The Rex Motel,Motel,(813) 874-8664,18138748664.0,,A_no_website,75,3.8,33.0,True,5,Motel,,5406 Felice Ave,Tampa,Florida,33614.0,Northwest Tampa,"5406 Felice Ave, Tampa, FL 33614",https://www.google.com/maps/search/?api=1&query=The%20Rex%20Motel&query_place_id=ChIJQ9GnwePDwogRYRfHRheweqA,ChIJQ9GnwePDwogRYRfHRheweqA,hotel,ChIJQ9GnwePDwogRYRfHRheweqA,8.0,1.0,33.0,0.2727272727272727,27.9966119,-82.4903932
Garden View Motel,Motel,(813) 933-3958,18139333958.0,,A_no_website,70,3.3,233.0,False,64,5-star hotel,$125,2500 E Busch Blvd,Tampa,Florida,33612.0,,"2500 E Busch Blvd, Tampa, FL 33612",https://www.google.com/maps/search/?api=1&query=Garden%20View%20Motel&query_place_id=ChIJ7w8t8FfGwogR2TIfBJ0Q_pk,ChIJ7w8t8FfGwogR2TIfBJ0Q_pk,resort,ChIJ7w8t8FfGwogR2TIfBJ0Q_pk,,,233.0,,28.0331969,-82.4312458
Alaska Motel,Motel,(813) 374-2155,18133742155.0,,A_no_website,70,3.1,13.0,True,2,Motel,,1307 E Hillsborough Ave,Tampa,Florida,33604.0,Southeast Seminole Heights,"1307 E Hillsborough Ave, Tampa, FL 33604",https://www.google.com/maps/search/?api=1&query=Alaska%20Motel&query_place_id=ChIJyboEHKTFwogRJ4VfqFISi9I,ChIJyboEHKTFwogRJ4VfqFISi9I,hotel,ChIJyboEHKTFwogRJ4VfqFISi9I,4.0,2.0,13.0,0.4615384615384615,27.9958397,-82.4441967
Orange Motel,Motel,(813) 231-4603,18132314603.0,,A_no_website,67,2.3,158.0,False,16,Motel,,7800 N Nebraska Ave,Tampa,Florida,33604.0,Old Seminole Heights,"7800 N Nebraska Ave, Tampa, FL 33604",https://www.google.com/maps/search/?api=1&query=Orange%20Motel&query_place_id=ChIJ0xeysZXGwogRl6eLG4aDM34,ChIJ0xeysZXGwogRl6eLG4aDM34,hotel,ChIJ0xeysZXGwogRl6eLG4aDM34,77.0,21.0,158.0,0.620253164556962,28.0187995,-82.4517283
Sunset Inn Motel,Hotel,(813) 626-4313,18136264313.0,,A_no_website,67,3.1,129.0,False,21,Hotel,,4712 E Hillsborough Ave,Tampa,Florida,33610.0,,"4712 E Hillsborough Ave, Tampa, FL 33610",https://www.google.com/maps/search/?api=1&query=Sunset%20Inn%20Motel&query_place_id=ChIJixWQHQrGwogRut_zTTMnvKM,ChIJixWQHQrGwogRut_zTTMnvKM,hotel,ChIJixWQHQrGwogRut_zTTMnvKM,40.0,8.0,129.0,0.3720930232558139,27.9963836,-82.4050369
Downtown Motel,Motel,(813) 224-9582,18132249582.0,,A_no_website,67,2.9,126.0,False,17,Motel,$135,2739 N Florida Ave,Tampa,Florida,33602.0,Tampa Heights,"2739 N Florida Ave, Tampa, FL 33602",https://www.google.com/maps/search/?api=1&query=Downtown%20Motel&query_place_id=ChIJn_8izG7EwogRJRHpxk96Ts0,ChIJn_8izG7EwogRJRHpxk96Ts0,hotel,ChIJn_8izG7EwogRJRHpxk96Ts0,,,126.0,,27.9681298,-82.4593074
Jayhawk Motel,Motel,(813) 229-9475,18132299475.0,,A_no_website,67,2.8,111.0,False,19,Motel,,3415 N Nebraska Ave,Tampa,Florida,33603.0,Ybor City,"3415 N Nebraska Ave, Tampa, FL 33603",https://www.google.com/maps/search/?api=1&query=Jayhawk%20Motel&query_place_id=ChIJZfE1gEDEwogRXgyypNhn6zA,ChIJZfE1gEDEwogRXgyypNhn6zA,hotel,ChIJZfE1gEDEwogRXgyypNhn6zA,45.0,12.0,111.0,0.5135135135135135,27.9752714,-82.4507191
Royal Palm Motel,Hotel,(813) 238-9478,18132389478.0,,A_no_website,67,2.9,101.0,False,15,Hotel,,5809 N Nebraska Ave #7127,Tampa,Florida,33604.0,Old Seminole Heights,"5809 N Nebraska Ave #7127, Tampa, FL 33604",https://www.google.com/maps/search/?api=1&query=Royal%20Palm%20Motel&query_place_id=ChIJk9KttZ_GwogREhLCFgnFk5g,ChIJk9KttZ_GwogREhLCFgnFk5g,hotel,ChIJk9KttZ_GwogREhLCFgnFk5g,33.0,13.0,101.0,0.4554455445544554,28.0001594,-82.4511176
University Motel,Hotel,(813) 931-4566,18139314566.0,,A_no_website,67,3.0,83.0,False,9,3-star hotel,,9408 N Nebraska Ave,Tampa,Florida,33612.0,,"9408 N Nebraska Ave, Tampa, FL 33612",https://www.google.com/maps/search/?api=1&query=University%20Motel&query_place_id=ChIJF_XTsOfGwogRKt7MVITsYe8,ChIJF_XTsOfGwogRKt7MVITsYe8,hotel,ChIJF_XTsOfGwogRKt7MVITsYe8,25.0,6.0,83.0,0.3734939759036144,28.0353637,-82.451648
Tampa Inn Near Busch Gardens,Hotel,(813) 933-6471,18139336471.0,https://www.tampainnbuschgardens.info/,B_ota_only,65,2.4,1544.0,False,1200,2-star hotel,$61,2901 E Busch Blvd,Tampa,Florida,33612.0,,"2901 E Busch Blvd, Tampa, FL 33612",https://www.google.com/maps/search/?api=1&query=Tampa%20Inn%20Near%20Busch%20Gardens&query_place_id=ChIJEa4TrfrGwogRwyU4j6_bzHA,ChIJEa4TrfrGwogRwyU4j6_bzHA,hotel,ChIJEa4TrfrGwogRwyU4j6_bzHA,738.0,184.0,1544.0,0.5971502590673575,28.0314772,-82.4270882
Macdill Motel,Motel,(813) 837-6864,18138376864.0,,A_no_website,62,3.0,138.0,False,50,3-star hotel,,"Macdill Motel, 6227 S Dale Mabry Hwy",Tampa,Florida,33611.0,South Tampa,"Macdill Motel, 6227 S Dale Mabry Hwy, Tampa, FL 33611",https://www.google.com/maps/search/?api=1&query=Macdill%20Motel&query_place_id=ChIJ5ShCcu_cwogR_fjNWGIxZ_8,ChIJ5ShCcu_cwogR_fjNWGIxZ_8,hotel,ChIJ5ShCcu_cwogR_fjNWGIxZ_8,39.0,21.0,138.0,0.4347826086956521,27.8770328,-82.5068977
Mayflower Motel,Hotel,(813) 565-8502,18135658502.0,,A_no_website,62,3.1,85.0,False,33,Hotel,,7510 N Florida Ave,Tampa,Florida,33604.0,Old Seminole Heights,"7510 N Florida Ave, Tampa, FL 33604",https://www.google.com/maps/search/?api=1&query=Mayflower%20Motel&query_place_id=ChIJMTvTW7nGwogR_plYnYVNB5M,ChIJMTvTW7nGwogR_plYnYVNB5M,hotel,ChIJMTvTW7nGwogR_plYnYVNB5M,22.0,10.0,85.0,0.3764705882352941,28.0168495,-82.4596771
Sunny South Motel,Hotel,(813) 879-2055,18138792055.0,,A_no_website,62,2.6,62.0,False,48,2-star hotel,,3206 W Hillsborough Ave,Tampa,Florida,33614.0,Northwest Tampa,"3206 W Hillsborough Ave, Tampa, FL 33614",https://www.google.com/maps/search/?api=1&query=Sunny%20South%20Motel&query_place_id=ChIJS4s2zuDDwogRMx_l7LRg-vI,ChIJS4s2zuDDwogRMx_l7LRg-vI,hotel,ChIJS4s2zuDDwogRMx_l7LRg-vI,31.0,3.0,62.0,0.5483870967741935,27.9957769,-82.4951003
The Hip Hop Hotels,Hotel,(813) 619-2899,18136192899.0,https://thehiphophotels.com/,B_ota_only,60,4.9,17.0,False,52,Hotel,,820 E Busch Blvd,Tampa,Florida,33604.0,,"820 E Busch Blvd, Tampa, FL 33604",https://www.google.com/maps/search/?api=1&query=The%20Hip%20Hop%20Hotels&query_place_id=ChIJa5RF4THHwogRqVeeOguX7-c,ChIJa5RF4THHwogRqVeeOguX7-c,hotel,ChIJa5RF4THHwogRqVeeOguX7-c,0.0,0.0,17.0,0.0,28.0337461,-82.4522658
Chestnut Villas,Hotel,(813) 337-6160,18133376160.0,,A_no_website,60,2.9,15.0,False,28,Hotel,,2930 W Chestnut St,Tampa,Florida,33607.0,Northeast MacFarlane,"2930 W Chestnut St, Tampa, FL 33607",https://www.google.com/maps/search/?api=1&query=Chestnut%20Villas&query_place_id=ChIJT1x_SvLDwogR3sDTYJHu7Jg,ChIJT1x_SvLDwogR3sDTYJHu7Jg,resort,ChIJT1x_SvLDwogR3sDTYJHu7Jg,6.0,2.0,15.0,0.5333333333333333,27.9584964,-82.4907792
Seminole Motel,Motel,(813) 239-2264,18132392264.0,,A_no_website,60,3.3,11.0,False,2,Motel,,7200 N Florida Ave,Tampa,Florida,33604.0,Old Seminole Heights,"7200 N Florida Ave, Tampa, FL 33604",https://www.google.com/maps/search/?api=1&query=Seminole%20Motel&query_place_id=ChIJ_6hbojXHwogRTf8gilMWTG8,ChIJ_6hbojXHwogRTf8gilMWTG8,hotel,ChIJ_6hbojXHwogRTf8gilMWTG8,2.0,1.0,11.0,0.2727272727272727,28.0134571,-82.4602352
Hotel Haya,Hotel,(813) 462-9515,18134629515.0,https://hotelhaya.com/?utm_source=google&utm_medium=organic&utm_campaign=googlelisting&utm_id=gmb,C_has_website,40,4.5,1259.0,False,1737,4-star hotel,$113,1412 E 7th Ave,Tampa,Florida,33605.0,Ybor City,"1412 E 7th Ave, Tampa, FL 33605",https://www.google.com/maps/search/?api=1&query=Hotel%20Haya&query_place_id=ChIJ2_xFiVrEwogRHOkifwb6NpU,ChIJ2_xFiVrEwogRHOkifwb6NpU,hotel,ChIJ2_xFiVrEwogRHOkifwb6NpU,74.0,40.0,1259.0,0.0905480540111199,27.9604949,-82.4438431
MacDill AFB Inns,Hotel,(813) 828-4259,18138284259.0,https://macdillfss.com/macdill-inn-lodging/,C_has_website,37,4.6,133.0,True,115,Hotel,,7637 Bayshore Blvd,Tampa,Florida,33621.0,,"7637 Bayshore Blvd, Tampa, FL 33621",https://www.google.com/maps/search/?api=1&query=MacDill%20AFB%20Inns&query_place_id=ChIJFQj_v9ndwogRp62ss7wlVM8,ChIJFQj_v9ndwogRp62ss7wlVM8,hotel,ChIJFQj_v9ndwogRp62ss7wlVM8,,,133.0,,27.8534232,-82.4824883
Sailport Waterfront Suites,Hotel,(855) 651-1841,18556511841.0,https://www.providentresorts.com/sailport-waterfront-suites-tampa-and-treasure-island/?utm_source=local&utm_campaign=gmb&utm_medium=organic,C_has_website,35,4.1,3064.0,False,7445,3-star hotel,$126,2506 N Rocky Point Dr,Tampa,Florida,33607.0,Westshore,"2506 N Rocky Point Dr, Tampa, FL 33607",https://www.google.com/maps/search/?api=1&query=Sailport%20Waterfront%20Suites&query_place_id=ChIJZ_YH9s3pwogR8iNTH5IBaUg,ChIJZ_YH9s3pwogR8iNTH5IBaUg,hotel,ChIJZ_YH9s3pwogR8iNTH5IBaUg,,,3064.0,,27.9636612,-82.5719014
The Barrymore Hotel Tampa Riverwalk,Hotel,(813) 223-1351,18132231351.0,https://www.barrymorehotel.com/,C_has_website,35,4.0,2293.0,False,1811,3-star hotel,$111,111 W Fortune St,Tampa,Florida,33602.0,Downtown,"111 W Fortune St, Tampa, FL 33602",https://www.google.com/maps/search/?api=1&query=The%20Barrymore%20Hotel%20Tampa%20Riverwalk&query_place_id=ChIJ1V9kr2LEwogRMW-wiXgjUpA,ChIJ1V9kr2LEwogRMW-wiXgjUpA,hotel,ChIJ1V9kr2LEwogRMW-wiXgjUpA,,,2293.0,,27.9528503,-82.463829
Hotel South Tampa & Suites,Hotel,(813) 832-4656,18138324656.0,https://www.hotelsouthtampa.com/,C_has_website,35,4.2,1475.0,False,744,3-star hotel,$65,3314 S Dale Mabry Hwy,Tampa,Florida,33629.0,South Tampa,"3314 S Dale Mabry Hwy, Tampa, FL 33629",https://www.google.com/maps/search/?api=1&query=Hotel%20South%20Tampa%20%26%20Suites&query_place_id=ChIJQ70agTHDwogRZgJzIvOtMeI,ChIJQ70agTHDwogRZgJzIvOtMeI,hotel,ChIJQ70agTHDwogRZgJzIvOtMeI,,,1475.0,,27.9147467,-82.5050489
Tahitian Inn,Hotel,(813) 877-6721,18138776721.0,http://www.tahitianinn.com/,C_has_website,30,3.6,1418.0,False,1075,3-star hotel,,601 S Dale Mabry Hwy,Tampa,Florida,33609.0,Swann Estates,"601 S Dale Mabry Hwy, Tampa, FL 33609",https://www.google.com/maps/search/?api=1&query=Tahitian%20Inn&query_place_id=ChIJ8Vj56BDDwogRRzlj2Pn6uAE,ChIJ8Vj56BDDwogRRzlj2Pn6uAE,hotel,ChIJ8Vj56BDDwogRRzlj2Pn6uAE,261.0,106.0,1418.0,0.2588152327221438,27.9392299,-82.5064773
Gram’s Place Bed and Hostel,Hostel,(813) 221-0596,18132210596.0,http://grams-inn-tampa.com/,C_has_website,30,4.4,440.0,False,738,Hostel,,3109 N Ola Ave,Tampa,Florida,33603.0,Tampa Heights,"3109 N Ola Ave, Tampa, FL 33603",https://www.google.com/maps/search/?api=1&query=Gram%E2%80%99s%20Place%20Bed%20and%20Hostel&query_place_id=ChIJz2XsdW3EwogRp85hhsbx0ng,ChIJz2XsdW3EwogRp85hhsbx0ng,hotel,ChIJz2XsdW3EwogRp85hhsbx0ng,,,440.0,,27.9732633,-82.46333
Oasis Bay Suites,Hotel,(813) 212-8296,18132128296.0,https://oasisbaysuites.com/?utm_campaign=gmb,C_has_website,30,4.1,395.0,False,516,4-star hotel,$93,3001 University Center Dr,Tampa,Florida,33612.0,Terrace Park,"3001 University Center Dr, Tampa, FL 33612",https://www.google.com/maps/search/?api=1&query=Oasis%20Bay%20Suites&query_place_id=ChIJaw2NtqzHwogRZ60jq39gLnk,ChIJaw2NtqzHwogRZ60jq39gLnk,hotel,ChIJaw2NtqzHwogRZ60jq39gLnk,,,395.0,,28.044232,-82.425373
Open Gate Motel,Motel,(813) 239-3134,18132393134.0,http://open-gate-motel.edan.io/,C_has_website,27,2.9,76.0,True,18,Motel,,4810 N Florida Ave,Tampa,Florida,33603.0,South Seminole Heights,"4810 N Florida Ave, Tampa, FL 33603",https://www.google.com/maps/search/?api=1&query=Open%20Gate%20Motel&query_place_id=ChIJmwRHJBrEwogREV2NerLZ23o,ChIJmwRHJBrEwogREV2NerLZ23o,hotel,ChIJmwRHJBrEwogREV2NerLZ23o,26.0,7.0,76.0,0.4342105263157895,27.9892084,-82.45961
Hyde Park Hotel,Hotel,(813) 254-2000,18132542000.0,http://www.hydeparkhoteltampa.com/,C_has_website,25,3.5,305.0,False,258,3-star hotel,$83,2105 W Bristol Ave,Tampa,Florida,33606.0,South Tampa,"2105 W Bristol Ave, Tampa, FL 33606",https://www.google.com/maps/search/?api=1&query=Hyde%20Park%20Hotel&query_place_id=ChIJQdQ_umbDwogR12GtwLicpt4,ChIJQdQ_umbDwogR12GtwLicpt4,hotel,ChIJQdQ_umbDwogR12GtwLicpt4,,,305.0,,27.9353969,-82.4813844
Tampa RV Park Camp Nebraska,RV park,(813) 971-3460,18139713460.0,http://www.tampa-rv-park-camp-nebraska.com/,C_has_website,25,3.7,291.0,False,390,RV park,,10314 N Nebraska Ave,Tampa,Florida,33612.0,,"10314 N Nebraska Ave, Tampa, FL 33612",https://www.google.com/maps/search/?api=1&query=Tampa%20RV%20Park%20Camp%20Nebraska&query_place_id=ChIJ_QYJaODGwogR82CgRSrg58s,ChIJ_QYJaODGwogR82CgRSrg58s,resort,ChIJ_QYJaODGwogR82CgRSrg58s,45.0,23.0,291.0,0.2336769759450171,28.0430885,-82.4523098
Economy Inn,Hotel,(813) 933-2665,18139332665.0,http://economy-inn-tampa.poi.place/,C_has_website,22,2.5,152.0,True,30,2-star hotel,,1810 E Busch Blvd,Tampa,Florida,33612.0,,"1810 E Busch Blvd, Tampa, FL 33612",https://www.google.com/maps/search/?api=1&query=Economy%20Inn&query_place_id=ChIJgfvdCfrGwogRlsw_naUa8Oc,ChIJgfvdCfrGwogRlsw_naUa8Oc,hotel,ChIJgfvdCfrGwogRlsw_naUa8Oc,61.0,22.0,152.0,0.5460526315789473,28.0330683,-82.4382344
Palm Villa Hostel,Hostel,(813) 455-7947,18134557947.0,https://www.palmvillahostel.com/,C_has_website,22,4.1,62.0,False,170,Hostel,$84,801 E Palm Ave,Tampa,Florida,33602.0,Tampa Heights,"801 E Palm Ave, Tampa, FL 33602",https://www.google.com/maps/search/?api=1&query=Palm%20Villa%20Hostel&query_place_id=ChIJJfSmaV3EwogRqDpRWEvkmCs,ChIJJfSmaV3EwogRqDpRWEvkmCs,hotel,ChIJJfSmaV3EwogRqDpRWEvkmCs,,,62.0,,27.9621736,-82.4527239
The Pickétt Fence,Bed & breakfast,(706) 476-7883,17064767883.0,http://www.pf1928.com/,C_has_website,20,4.9,29.0,False,147,3-star hotel,,902 E Louisiana Ave,Tampa,Florida,33603.0,Southeast Seminole Heights,"902 E Louisiana Ave, Tampa, FL 33603",https://www.google.com/maps/search/?api=1&query=The%20Pick%C3%A9tt%20Fence&query_place_id=ChIJEV7lx_fFwogRZCuSDL4r9s0,ChIJEV7lx_fFwogRZCuSDL4r9s0,hotel,ChIJEV7lx_fFwogRZCuSDL4r9s0,,,29.0,,27.9895904,-82.4508206
Casa V. M. Ybor,Guest house,(813) 485-6092,18134856092.0,https://casavmybor.com/,C_has_website,20,4.8,24.0,False,49,,,3215 N 12th St T,Tampa,Florida,33605.0,Ybor City,"3215 N 12th St T, Tampa, FL 33605",https://www.google.com/maps/search/?api=1&query=Casa%20V.%20M.%20Ybor&query_place_id=ChIJYYSi1Y_FwogR-NKHzhx6CfQ,ChIJYYSi1Y_FwogR-NKHzhx6CfQ,resort,ChIJYYSi1Y_FwogR-NKHzhx6CfQ,1.0,0.0,24.0,0.0416666666666666,27.9731215,-82.4468827
Shaw's Motel,Hotel,(813) 234-4191,18132344191.0,https://www.devam.com/,C_has_website,17,3.0,106.0,False,23,Hotel,,1509 E Hillsborough Ave,Tampa,Florida,33610.0,Belmont Heights,"1509 E Hillsborough Ave, Tampa, FL 33610",https://www.google.com/maps/search/?api=1&query=Shaw's%20Motel&query_place_id=ChIJt6WYfCjEwogRlyBuJGN9m3Q,ChIJt6WYfCjEwogRlyBuJGN9m3Q,hotel,ChIJt6WYfCjEwogRlyBuJGN9m3Q,29.0,12.0,106.0,0.3867924528301887,27.9958368,-82.4423799
Bay Inn,Motel,(813) 932-0073,18139320073.0,http://www.bayinntb.com/,C_has_website,12,2.8,68.0,False,219,2-star hotel,$49,2307 E Busch Blvd,Tampa,Florida,33612.0,,"2307 E Busch Blvd, Tampa, FL 33612",https://www.google.com/maps/search/?api=1&query=Bay%20Inn&query_place_id=ChIJ8WOnFHTHwogRoI0uztODM1A,ChIJ8WOnFHTHwogRoI0uztODM1A,hotel,ChIJ8WOnFHTHwogRoI0uztODM1A,,,68.0,,28.0318546,-82.4339325
